year,pick,overall_slot,manager,player,position,position_source,career_ppg,expected_ppg,draft_adj_ppg,career_games,through,status
2019,1.01,1,Josh Ponath,Josh Jacobs,RB,FFC same-year rookie ADP,14.800000,10.908800,3.891200,105,2025,scored
2019,1.02,2,Josh Ponath,Parris Campbell,WR,FFC same-year rookie ADP,4.360000,8.398400,-4.038400,50,2025,scored
2019,1.03,3,Matt Metz,N'Keal Harry,WR,FFC same-year rookie ADP,2.740816,8.332600,-5.591784,49,2023,scored
2019,1.04,4,Alex Agueros,David Montgomery,RB,FFC same-year rookie ADP,12.288000,10.200800,2.087200,105,2025,scored
2019,1.05,5,Matthew Piontek,Miles Sanders,RB,FFC same-year rookie ADP,9.353409,9.927000,-0.573591,88,2025,scored
2019,1.06,6,Matthew Piontek,DK Metcalf,WR,FFC same-year rookie ADP,11.471429,8.037200,3.434229,112,2025,scored
2019,1.07,7,David Carnes,Diontae Johnson,WR,FFC same-year rookie ADP,9.773034,7.899400,1.873634,89,2024,scored
2019,1.08,8,Matt Clawson,Mecole Hardman,WR,NFL draft history (PFR/nfldata),5.490244,7.740600,-2.250356,82,2025,scored
2019,1.09,9,Payton Docheff,A.J. Brown,WR,FFC same-year rookie ADP,13.427619,7.562000,5.865619,105,2025,scored
2019,1.10,10,Jordan Martin,Deebo Samuel,WR,NFL draft history (PFR/nfldata),11.975876,7.366700,4.609176,97,2025,scored
2019,1.11,11,Matt Metz,Marquise Brown,WR,NFL draft history (PFR/nfldata),9.074444,7.159400,1.915044,90,2025,scored
2019,1.12,12,Seth Miller,Darrell Henderson,RB,NFL draft history (PFR/nfldata),7.316667,7.719200,-0.402533,54,2023,scored
2019,2.01,13,Kevin Long,Andy Isabella,WR,FFC same-year rookie ADP,1.865116,6.734200,-4.869084,43,2023,scored
2019,2.02,14,Matt Clawson,Devin Singletary,RB,FFC same-year rookie ADP,8.502182,7.145200,1.356982,110,2025,scored
2019,2.03,15,Seth Miller,Kyler Murray,QB,FFC same-year rookie ADP,20.786207,13.939200,6.847007,87,2025,scored
2019,2.04,16,Mason Good,T.J. Hockenson,TE,FFC same-year rookie ADP,8.438144,5.637500,2.800644,97,2025,scored
2019,2.05,17,Jordan Martin,JJ Arcega-Whiteside,WR,FFC same-year rookie ADP,1.275000,6.013600,-4.738600,40,2021,scored
2019,2.06,18,Alex Agueros,Noah Fant,TE,FFC same-year rookie ADP,5.700909,5.435900,0.265009,110,2025,scored
2019,2.07,19,Matthew Piontek,Irv Smith Jr,TE,FFC same-year rookie ADP,3.922222,5.331700,-1.409478,54,2024,scored
2019,2.08,20,Travis Page,Hakeem Butler,WR,FFC same-year rookie ADP,0.000000,5.646200,-5.646200,2,2020,scored
2019,2.09,21,Payton Docheff,Justice Hill,RB,FFC same-year rookie ADP,4.144048,5.539900,-1.395852,84,2025,scored
2019,2.10,22,Matt Metz,Damien Harris,RB,FFC same-year rookie ADP,8.897727,5.357100,3.540627,44,2023,scored
2019,2.11,23,Matt Clawson,Benny Snell,RB,Plebs/Sleeper fallback,2.477778,5.190700,-2.712922,63,2022,scored
2019,2.12,24,Jordan Martin,Miles Boykin,WR,FFC same-year rookie ADP,1.517808,5.216500,-3.698692,73,2023,scored
2019,3.01,25,Josh Ponath,Dwayne Haskins,QB,FFC same-year rookie ADP,8.285882,12.894300,-4.608418,17,2021,scored
2019,3.02,26,David Carnes,Alexander Mattison,RB,FFC same-year rookie ADP,6.429213,4.789400,1.639813,89,2024,scored
2019,3.03,27,Mason Good,Darwin Thompson,RB,FFC same-year rookie ADP,2.203846,4.682000,-2.478154,26,2020,scored
2019,3.04,28,Seth Miller,Terry McLaurin,WR,FFC same-year rookie ADP,11.218692,4.745300,6.473392,107,2025,scored
2019,3.05,29,David Carnes,Ryquell Armstead,RB,FFC same-year rookie ADP,3.072222,4.489900,-1.417678,18,2021,scored
2019,3.06,30,Matt Clawson,Riley Ridley,WR,FFC same-year rookie ADP,1.580000,4.526600,-2.946600,10,2020,scored
2019,3.07,31,Jordan Martin,Daniel Jones,QB,FFC same-year rookie ADP,16.117108,11.869500,4.247608,83,2025,scored
2019,3.08,32,Matt Metz,Kelvin Harmon,WR,FFC same-year rookie ADP,3.246250,4.333900,-1.087650,16,2019,scored
2019,3.09,33,Mason Good,Hunter Renfrow,WR,FFC same-year rookie ADP,6.906329,4.247600,2.658729,79,2025,scored
2019,3.10,34,David Carnes,Jalen Hurd,WR,FFC same-year rookie ADP,0.000000,4.167800,-4.167800,,2025,scored
2019,3.11,35,Payton Docheff,Devine Ozigbo,RB,Plebs/Sleeper fallback,0.685714,3.947100,-3.261386,28,2023,scored
2019,3.12,36,Seth Miller,Dexter Williams,RB,FFC same-year rookie ADP,0.271429,3.851400,-3.579971,7,2020,scored
2019,4.01,37,Seth Miller,Jordan Scarlett,RB,NFL draft history (PFR/nfldata),0.090000,3.753800,-3.663800,10,2021,scored
2019,4.02,38,Matt Metz,Jace Sternberger,TE,FFC same-year rookie ADP,1.300000,3.728000,-2.428000,18,2020,scored
2019,4.03,39,Matt Clawson,Drew Lock,QB,FFC same-year rookie ADP,10.294146,10.546200,-0.252054,41,2025,scored
2019,4.04,40,David Carnes,Bryce Love,RB,NFL draft history (PFR/nfldata),0.000000,3.453500,-3.453500,,2025,scored
2019,4.05,41,Kevin Long,Myles Gaskin,RB,FFC same-year rookie ADP,7.025532,3.423700,3.601832,47,2025,scored
2019,4.06,42,Matt Clawson,James Williams,RB,manual historical rookie-position audit,0.000000,3.423700,-3.423700,,2025,scored
2019,4.07,43,Matt Metz,Rodney Anderson,RB,NFL draft history (PFR/nfldata),0.000000,3.423700,-3.423700,,2025,scored
2019,4.08,44,Jordan Martin,Qadree Ollison,RB,NFL draft history (PFR/nfldata),2.095652,3.423700,-1.328048,23,2023,scored
2019,4.09,45,David Carnes,Dawson Knox,TE,NFL draft history (PFR/nfldata),5.384314,3.501100,1.883214,102,2025,scored
2019,4.10,46,Mason Good,Kahale Warring,TE,NFL draft history (PFR/nfldata),0.555556,3.501100,-2.945544,9,2021,scored
2019,4.11,47,Matt Metz,Trayveon Williams,RB,FFC same-year rookie ADP,0.756000,3.423700,-2.667700,75,2025,scored
2019,4.12,48,Jordan Martin,Tony Pollard,RB,FFC same-year rookie ADP,9.869643,3.423700,6.445943,112,2025,scored
2020,1.01,1,Seth Miller,Jonathan Taylor,RB,FFC same-year rookie ADP,17.169048,10.908800,6.260248,84,2025,scored
2020,1.02,2,Jordan Martin,D'Andre Swift,RB,FFC same-year rookie ADP,12.322472,10.691300,1.631172,89,2025,scored
2020,1.03,3,Payton Docheff,Clyde Edwards-Helaire,RB,FFC same-year rookie ADP,8.253846,10.455600,-2.201754,52,2025,scored
2020,1.04,4,Seth Miller,J.K. Dobbins,RB,FFC same-year rookie ADP,11.363830,10.200800,1.163030,47,2025,scored
2020,1.05,5,Jordan Martin,Cam Akers,RB,FFC same-year rookie ADP,6.279322,9.927000,-3.647678,59,2025,scored
2020,1.06,6,Seth Miller,Justin Jefferson,WR,FFC same-year rookie ADP,14.946170,8.037200,6.908970,94,2025,scored
2020,1.07,7,Seth Miller,CeeDee Lamb,WR,FFC same-year rookie ADP,14.043158,7.899400,6.143758,95,2025,scored
2020,1.08,8,Matthew Piontek,Jerry Jeudy,WR,FFC same-year rookie ADP,8.513187,7.740600,0.772587,91,2025,scored
2020,1.09,9,Seth Miller,Jalen Reagor,WR,FFC same-year rookie ADP,3.006250,7.562000,-4.555750,64,2024,scored
2020,1.10,10,Alex Agueros,Henry Ruggs III,WR,FFC same-year rookie ADP,7.180000,7.366700,-0.186700,20,2021,scored
2020,1.11,11,Matt Metz,AJ Dillon,RB,FFC same-year rookie ADP,7.100000,8.029700,-0.929700,67,2025,scored
2020,1.12,12,Seth Miller,Denzel Mims,WR,FFC same-year rookie ADP,3.020000,6.946200,-3.926200,30,2022,scored
2020,2.01,13,Payton Docheff,Ke'Shawn Vaughn,RB,FFC same-year rookie ADP,1.519565,7.423900,-5.904335,46,2024,scored
2020,2.02,14,Seth Miller,Antonio Gibson,RB,FFC same-year rookie ADP,9.068675,7.145200,1.923475,83,2025,scored
2020,2.03,15,Seth Miller,Bryan Edwards,WR,FFC same-year rookie ADP,3.597143,6.340000,-2.742857,35,2022,scored
2020,2.04,16,David Carnes,Brandon Aiyuk,WR,FFC same-year rookie ADP,10.828986,6.167300,4.661686,69,2024,scored
2020,2.05,17,Jordan Martin,Tee Higgins,WR,FFC same-year rookie ADP,11.920000,6.013600,5.906400,85,2025,scored
2020,2.06,18,Matt Clawson,Zach Moss,RB,FFC same-year rookie ADP,7.767213,6.166400,1.600813,61,2024,scored
2020,2.07,19,Jordan Martin,Michael Pittman,WR,Plebs/Sleeper fallback,9.788421,5.756800,4.031621,95,2025,scored
2020,2.08,20,Jordan Martin,Laviska Shenault,WR,Plebs/Sleeper fallback,4.880952,5.646200,-0.765248,63,2024,scored
2020,2.09,21,Matt Clawson,Darrynton Evans,RB,FFC same-year rookie ADP,2.287500,5.539900,-3.252400,24,2024,scored
2020,2.10,22,Mason Good,Joe Burrow,QB,FFC same-year rookie ADP,22.251688,13.328800,8.922888,77,2025,scored
2020,2.11,23,Matt Metz,Joshua Kelley,RB,FFC same-year rookie ADP,3.507018,5.190700,-1.683682,57,2024,scored
2020,2.12,24,Seth Miller,Tua Tagovailoa,QB,FFC same-year rookie ADP,16.435128,13.047600,3.387528,78,2025,scored
2020,3.01,25,Mason Good,Anthony McFarland,RB,Plebs/Sleeper fallback,1.694118,4.908200,-3.214082,17,2023,scored
2020,3.02,26,Mason Good,KJ Hamler,WR,FFC same-year rookie ADP,4.665217,4.981200,-0.315983,23,2022,scored
2020,3.03,27,Seth Miller,Chase Claypool,WR,FFC same-year rookie ADP,7.288621,4.862000,2.426621,58,2023,scored
2020,3.04,28,Kevin Long,Devin Duvernay,WR,FFC same-year rookie ADP,2.584270,4.745300,-2.161030,89,2025,scored
2020,3.05,29,Alex Agueros,Van Jefferson,WR,FFC same-year rookie ADP,4.105319,4.633000,-0.527681,94,2025,scored
2020,3.06,30,Matt Clawson,La'Mical Perine,RB,NFL draft history (PFR/nfldata),3.294737,4.400000,-1.105263,19,2023,scored
2020,3.07,31,Bo Tiller,Lynn Bowden Jr,WR,NFL draft history (PFR/nfldata),2.176154,4.426800,-2.250646,26,2023,scored
2020,3.08,32,Matthew Piontek,Antonio Gandy-Golden,WR,FFC same-year rookie ADP,0.300000,4.333900,-4.033900,10,2021,scored
2020,3.09,33,Matt Clawson,Quintez Cephus,WR,NFL draft history (PFR/nfldata),4.604545,4.247600,0.356945,22,2022,scored
2020,3.10,34,Seth Miller,Tyler Johnson,WR,NFL draft history (PFR/nfldata),2.893443,4.167800,-1.274357,61,2025,scored
2020,3.11,35,Matt Metz,DeeJay Dallas,RB,NFL draft history (PFR/nfldata),1.910714,3.947100,-2.036386,84,2025,scored
2020,3.12,36,Alex Agueros,Adam Trautman,TE,NFL draft history (PFR/nfldata),2.535106,3.832800,-1.297694,94,2025,scored
2020,4.01,37,Seth Miller,Joe Reed,WR,NFL draft history (PFR/nfldata),0.809091,3.961400,-3.152309,11,2020,scored
2020,4.02,38,Mason Good,Cole Kmet,TE,FFC same-year rookie ADP,5.667000,3.728000,1.939000,100,2025,scored
2020,4.03,39,Payton Docheff,Eno Benjamin,RB,NFL draft history (PFR/nfldata),4.254167,3.554400,0.699767,24,2022,scored
2020,4.04,40,Kevin Long,Darnell Mooney,WR,NFL draft history (PFR/nfldata),7.397802,3.793600,3.604202,91,2025,scored
2020,4.05,41,Mason Good,Donovan Peoples-Jones,WR,NFL draft history (PFR/nfldata),5.218966,3.743900,1.475066,58,2023,scored
2020,4.06,42,Alex Agueros,Justin Herbert,QB,FFC same-year rookie ADP,21.155789,10.546200,10.609589,95,2025,scored
2020,4.07,43,Bo Tiller,Collin Johnson,WR,NFL draft history (PFR/nfldata),1.813158,3.651600,-1.838442,38,2024,scored
2020,4.08,44,Travis Page,Jordan Love,QB,FFC same-year rookie ADP,16.226316,10.546200,5.680116,57,2025,scored
2020,4.09,45,Seth Miller,Gabriel Davis,WR,NFL draft history (PFR/nfldata),7.288750,3.566300,3.722450,80,2025,scored
2020,4.10,46,Travis Page,Albert Okwuegbunam,TE,NFL draft history (PFR/nfldata),3.538710,3.501100,0.037610,31,2025,scored
2020,4.11,47,Matt Metz,James Proche,WR,NFL draft history (PFR/nfldata),0.639437,3.486100,-2.846663,71,2025,scored
2020,4.12,48,Kevin Long,KJ Hill,WR,NFL draft history (PFR/nfldata),0.633333,3.484400,-2.851067,21,2021,scored
2021,1.01,1,Jordan Martin,Najee Harris,RB,FFC same-year rookie ADP,11.898028,10.908800,0.989228,71,2025,scored
2021,1.02,2,Payton Docheff,Travis Etienne,RB,NFL draft history (PFR/nfldata),11.933333,10.691300,1.242033,66,2025,scored
2021,1.03,3,Jordan Martin,Ja'Marr Chase,WR,FFC same-year rookie ADP,16.234872,8.332600,7.902272,78,2025,scored
2021,1.04,4,Matt Metz,Javonte Williams,RB,FFC same-year rookie ADP,10.432857,10.200800,0.232057,70,2025,scored
2021,1.05,5,Luke Miller,Devonta Smith,WR,FFC same-year rookie ADP,10.956250,8.154300,2.801950,80,2025,scored
2021,1.06,6,Seth Miller,Kyle Pitts,TE,NFL draft history (PFR/nfldata),7.557692,6.400500,1.157192,78,2025,scored
2021,1.07,7,Bo Tiller,Jaylen Waddle,WR,FFC same-year rookie ADP,11.036154,7.899400,3.136754,78,2025,scored
2021,1.08,8,Payton Docheff,Rashod Bateman,WR,NFL draft history (PFR/nfldata),6.015625,7.740600,-1.724975,64,2025,scored
2021,1.09,9,Mason Good,Trey Sermon,RB,FFC same-year rookie ADP,2.028261,8.679500,-6.651239,46,2025,scored
2021,1.10,10,Matt Clawson,Elijah Moore,WR,FFC same-year rookie ADP,5.762857,7.366700,-1.603843,70,2025,scored
2021,1.11,11,Matt Clawson,Terrace Marshall,WR,FFC same-year rookie ADP,2.844186,7.159400,-4.315214,43,2024,scored
2021,1.12,12,Matthew Piontek,Rondale Moore,WR,FFC same-year rookie ADP,6.012821,6.946200,-0.933379,39,2023,scored
2021,2.01,13,Jordan Martin,Trevor Lawrence,QB,FFC same-year rookie ADP,17.150390,14.002800,3.147590,77,2025,scored
2021,2.02,14,Matt Metz,Kadarius Toney,WR,FFC same-year rookie ADP,4.264571,6.530200,-2.265629,35,2024,scored
2021,2.03,15,Seth Miller,Trey Lance,QB,FFC same-year rookie ADP,6.478750,13.939200,-7.460450,16,2025,scored
2021,2.04,16,Matt Metz,Amon-Ra St. Brown,WR,FFC same-year rookie ADP,14.391325,6.167300,8.224025,83,2025,scored
2021,2.05,17,Payton Docheff,Justin Fields,QB,FFC same-year rookie ADP,16.182373,13.829900,2.352473,59,2025,scored
2021,2.06,18,Travis Page,Michael Carter,RB,FFC same-year rookie ADP,6.581967,6.166400,0.415567,61,2025,scored
2021,2.07,19,Seth Miller,Dyami Brown,WR,FFC same-year rookie ADP,2.252727,5.756800,-3.504073,77,2025,scored
2021,2.08,20,Matt Clawson,Kenneth Gainwell,RB,FFC same-year rookie ADP,6.085301,5.737300,0.348001,83,2025,scored
2021,2.09,21,Mason Good,Chuba Hubbard,RB,FFC same-year rookie ADP,8.851899,5.539900,3.311999,79,2025,scored
2021,2.10,22,Matt Metz,D'Wayne Eskridge,WR,FFC same-year rookie ADP,1.074419,5.436100,-4.361681,43,2025,scored
2021,2.11,23,Seth Miller,Nico Collins,WR,FFC same-year rookie ADP,11.112121,5.328600,5.783521,66,2025,scored
2021,2.12,24,Jordan Martin,Amari Rodgers,WR,FFC same-year rookie ADP,1.105714,5.216500,-4.110786,35,2023,scored
2021,3.01,25,Luke Miller,Rhamondre Stevenson,RB,FFC same-year rookie ADP,11.020000,4.908200,6.111800,70,2025,scored
2021,3.02,26,Matt Clawson,Tutu Atwell,WR,FFC same-year rookie ADP,3.956250,4.981200,-1.024950,64,2025,scored
2021,3.03,27,Matt Metz,Zach Wilson,QB,FFC same-year rookie ADP,9.673684,12.568400,-2.894716,38,2025,scored
2021,3.04,28,Payton Docheff,Dez Fitzpatrick,WR,NFL draft history (PFR/nfldata),1.914286,4.745300,-2.831014,7,2024,scored
2021,3.05,29,Travis Page,Pat Freiermuth,TE,FFC same-year rookie ADP,6.770513,4.328000,2.442513,78,2025,scored
2021,3.06,30,Alex Agueros,Mac Jones,QB,FFC same-year rookie ADP,12.087937,12.048200,0.039737,63,2025,scored
2021,3.07,31,Jordan Martin,Anthony Schwartz,WR,NFL draft history (PFR/nfldata),1.808000,4.426800,-2.618800,25,2022,scored
2021,3.08,32,Bo Tiller,Josh Palmer,WR,FFC same-year rookie ADP,6.094286,4.333900,1.760386,70,2025,scored
2021,3.09,33,Mason Good,Cornell Powell,WR,NFL draft history (PFR/nfldata),0.000000,4.247600,-4.247600,3,2022,scored
2021,3.10,34,Payton Docheff,Jaelon Darden,WR,NFL draft history (PFR/nfldata),0.369444,4.167800,-3.798356,36,2024,scored
2021,3.11,35,Matt Clawson,Kene Nwangwu,RB,NFL draft history (PFR/nfldata),0.974510,3.947100,-2.972590,51,2025,scored
2021,3.12,36,Matthew Piontek,Tylan Wallace,WR,NFL draft history (PFR/nfldata),0.875000,4.025200,-3.150200,68,2025,scored
2021,4.01,37,Payton Docheff,Michael Strachan,WR,Plebs/Sleeper fallback,0.695652,3.961400,-3.265748,23,2023,scored
2021,4.02,38,Alex Agueros,Javian Hawkins,RB,FFC same-year rookie ADP,0.000000,3.654700,-3.654700,,2025,scored
2021,4.03,39,Matt Clawson,Jermar Jefferson,RB,NFL draft history (PFR/nfldata),2.490909,3.554400,-1.063491,11,2025,scored
2021,4.04,40,Matt Metz,Khalil Herbert,RB,NFL draft history (PFR/nfldata),5.084127,3.453500,1.630627,63,2025,scored
2021,4.05,41,Luke Miller,Seth Williams,WR,FFC same-year rookie ADP,1.950000,3.743900,-1.793900,2,2021,scored
2021,4.06,42,Bo Tiller,Larry Rountree,RB,Plebs/Sleeper fallback,1.212500,3.423700,-2.211200,16,2022,scored
2021,4.07,43,Matthew Piontek,Noah Gray,TE,NFL draft history (PFR/nfldata),2.979518,3.522200,-0.542682,83,2025,scored
2021,4.08,44,Bo Tiller,Brevin Jordan,TE,NFL draft history (PFR/nfldata),3.047222,3.501100,-0.453878,36,2024,scored
2021,4.09,45,Mason Good,Zach Davidson,TE,NFL draft history (PFR/nfldata),0.250000,3.501100,-3.251100,4,2025,scored
2021,4.10,46,Matthew Piontek,Tamorrion Terry,WR,manual historical rookie-position audit,0.000000,3.525700,-3.525700,,2025,scored
2021,4.11,47,Matt Clawson,Hunter Long,TE,FFC same-year rookie ADP,0.941304,3.501100,-2.559796,46,2025,scored
2021,4.12,48,Matthew Piontek,Kellen Mond,QB,NFL draft history (PFR/nfldata),0.200000,10.546200,-10.346200,1,2021,scored
2022,1.01,1,Seth Miller,Breece Hall,RB,FFC same-year rookie ADP,13.610000,10.908800,2.701200,56,2025,scored
2022,1.02,2,Travis Page,Ken Walker III,RB,Plebs/Sleeper fallback,12.215517,10.691300,1.524217,58,2025,scored
2022,1.03,3,Payton Docheff,Garrett Wilson,WR,NFL draft history (PFR/nfldata),10.737931,8.332600,2.405331,58,2025,scored
2022,1.04,4,Travis Page,Drake London,WR,FFC same-year rookie ADP,10.986774,8.252100,2.734674,62,2025,scored
2022,1.05,5,Travis Page,Jameson Williams,WR,FFC same-year rookie ADP,9.070000,8.154300,0.915700,50,2025,scored
2022,1.06,6,Jordan Martin,Treylon Burks,WR,FFC same-year rookie ADP,3.971429,8.037200,-4.065771,35,2025,scored
2022,1.07,7,Matt Metz,Chris Olave,WR,FFC same-year rookie ADP,11.394545,7.899400,3.495145,55,2025,scored
2022,1.08,8,Travis Page,George Pickens,WR,FFC same-year rookie ADP,10.740000,7.740600,2.999400,65,2025,scored
2022,1.09,9,Bo Tiller,James Cook,RB,NFL draft history (PFR/nfldata),12.789394,8.679500,4.109894,66,2025,scored
2022,1.10,10,Alex Agueros,Dameon Pierce,RB,FFC same-year rookie ADP,6.365116,8.351600,-1.986484,43,2025,scored
2022,1.11,11,Matt Clawson,Christian Watson,WR,FFC same-year rookie ADP,9.095833,7.159400,1.936433,48,2025,scored
2022,1.12,12,Luke Miller,Skyy Moore,WR,FFC same-year rookie ADP,1.658491,6.946200,-5.287709,53,2025,scored
2022,2.01,13,David Carnes,Jahan Dotson,WR,FFC same-year rookie ADP,4.555556,6.734200,-2.178644,63,2025,scored
2022,2.02,14,Seth Miller,Rachaad White,RB,FFC same-year rookie ADP,9.658209,7.145200,2.513009,67,2025,scored
2022,2.03,15,Luke Miller,Isaiah Spiller,RB,FFC same-year rookie ADP,1.526667,6.882300,-5.355633,15,2023,scored
2022,2.04,16,David Carnes,Tyler Allgeier,RB,FFC same-year rookie ADP,7.398507,6.633100,0.765407,67,2025,scored
2022,2.05,17,Payton Docheff,Zamir White,RB,FFC same-year rookie ADP,2.384444,6.395000,-4.010556,45,2025,scored
2022,2.06,18,David Carnes,David Bell,WR,FFC same-year rookie ADP,2.478125,5.877800,-3.399675,32,2024,scored
2022,2.07,19,Matt Metz,Jalen Tolbert,WR,FFC same-year rookie ADP,3.905455,5.756800,-1.851345,55,2025,scored
2022,2.08,20,David Carnes,John Metchie III,WR,Plebs/Sleeper fallback,2.733333,5.646200,-2.912867,45,2025,scored
2022,2.09,21,David Carnes,Alec Pierce,WR,FFC same-year rookie ADP,7.404687,5.540800,1.863887,64,2025,scored
2022,2.10,22,Matt Clawson,Kenny Pickett,QB,FFC same-year rookie ADP,8.136667,13.328800,-5.192133,36,2025,scored
2022,2.11,23,Payton Docheff,Pierre Strong,RB,NFL draft history (PFR/nfldata),2.004348,5.190700,-3.186352,46,2024,scored
2022,2.12,24,David Carnes,Calvin Austin III,WR,Plebs/Sleeper fallback,4.493750,5.216500,-0.722750,48,2025,scored
2022,3.01,25,Payton Docheff,Brian Robinson,RB,FFC same-year rookie ADP,8.562069,4.908200,3.653869,58,2025,scored
2022,3.02,26,Bo Tiller,Wan'Dale Robinson,WR,FFC same-year rookie ADP,8.359259,4.981200,3.378059,54,2025,scored
2022,3.03,27,Mason Good,Justyn Ross,WR,Plebs/Sleeper fallback,0.691667,4.862000,-4.170333,12,2024,scored
2022,3.04,28,Matt Clawson,Hassan Haskins,RB,FFC same-year rookie ADP,1.359091,4.583100,-3.224009,44,2025,scored
2022,3.05,29,Mason Good,Tyler Badie,RB,NFL draft history (PFR/nfldata),2.135000,4.489900,-2.354900,20,2025,scored
2022,3.06,30,Mason Good,Tyquan Thornton,WR,FFC same-year rookie ADP,3.666667,4.526600,-0.859933,42,2025,scored
2022,3.07,31,Matt Metz,Trey McBride,TE,FFC same-year rookie ADP,9.624242,4.164900,5.459342,66,2025,scored
2022,3.08,32,Payton Docheff,Malik Willis,QB,FFC same-year rookie ADP,5.971818,11.689100,-5.717282,22,2025,scored
2022,3.09,33,Bo Tiller,Khalil Shakir,WR,FFC same-year rookie ADP,6.412903,4.247600,2.165303,62,2025,scored
2022,3.10,34,Alex Agueros,Desmond Ridder,QB,FFC same-year rookie ADP,9.651200,11.323800,-1.672600,25,2024,scored
2022,3.11,35,Alex Agueros,Jelani Woods,TE,FFC same-year rookie ADP,3.400000,3.890800,-0.490800,19,2025,scored
2022,3.12,36,Luke Miller,Greg Dulcich,TE,FFC same-year rookie ADP,4.151613,3.832800,0.318813,31,2025,scored
2022,4.01,37,Seth Miller,Danny Gray,WR,NFL draft history (PFR/nfldata),0.184615,3.961400,-3.776785,13,2022,scored
2022,4.02,38,Bo Tiller,Romeo Doubs,WR,FFC same-year rookie ADP,8.008475,3.901900,4.106575,59,2025,scored
2022,4.03,39,Seth Miller,Tyrion Davis-Price,RB,FFC same-year rookie ADP,1.587500,3.554400,-1.966900,8,2024,scored
2022,4.04,40,Matt Clawson,Velus Jones,WR,NFL draft history (PFR/nfldata),1.167568,3.793600,-2.626032,37,2025,scored
2022,4.05,41,Alex Agueros,Keaontay Ingram,RB,NFL draft history (PFR/nfldata),1.338095,3.423700,-2.085605,21,2024,scored
2022,4.06,42,Mason Good,Isiah Pacheco,RB,FFC same-year rookie ADP,8.805882,3.423700,5.382182,51,2025,scored
2022,4.07,43,Matt Clawson,Kyren Williams,RB,NFL draft history (PFR/nfldata),13.916364,3.423700,10.492664,55,2025,scored
2022,4.08,44,Matt Clawson,Montrell Washington,WR,NFL draft history (PFR/nfldata),0.145455,3.608200,-3.462745,22,2024,scored
2022,4.09,45,Bo Tiller,Jerome Ford,RB,NFL draft history (PFR/nfldata),5.903509,3.423700,2.479809,57,2025,scored
2022,4.10,46,Jordan Martin,Kyle Philips,WR,NFL draft history (PFR/nfldata),2.415385,3.525700,-1.110315,13,2023,scored
2022,4.11,47,Luke Miller,Jalen Nailor,WR,NFL draft history (PFR/nfldata),3.781818,3.486100,0.295718,55,2025,scored
2022,4.12,48,Luke Miller,Kevin Harris,RB,NFL draft history (PFR/nfldata),3.444444,3.423700,0.020744,9,2023,scored
2023,1.01,1,Travis Page,Bijan Robinson,RB,NFL draft history (PFR/nfldata),16.858824,10.908800,5.950024,51,2025,scored
2023,1.02,2,Travis Page,Jahmyr Gibbs,RB,NFL draft history (PFR/nfldata),17.987755,10.691300,7.296455,49,2025,scored
2023,1.03,3,Luke Miller,Jaxon Smith-Njigba,WR,NFL draft history (PFR/nfldata),12.190196,8.332600,3.857596,51,2025,scored
2023,1.04,4,Jordan Martin,Jordan Addison,WR,NFL draft history (PFR/nfldata),10.465217,8.252100,2.213117,46,2025,scored
2023,1.05,5,Matt Clawson,Quentin Johnston,WR,NFL draft history (PFR/nfldata),7.997826,8.154300,-0.156474,46,2025,scored
2023,1.06,6,Payton Docheff,Zach Charbonnet,RB,NFL draft history (PFR/nfldata),8.712245,9.635000,-0.922755,49,2025,scored
2023,1.07,7,Alex Agueros,Anthony Richardson,QB,NFL draft history (PFR/nfldata),13.717647,14.051200,-0.333553,17,2025,scored
2023,1.08,8,Jordan Martin,Zay Flowers,WR,NFL draft history (PFR/nfldata),10.814000,7.740600,3.073400,50,2025,scored
2023,1.09,9,Tim Bell,Devon Achane,RB,NFL draft history (PFR/nfldata),16.531818,8.679500,7.852318,44,2025,scored
2023,1.10,10,Bo Tiller,CJ Stroud,QB,NFL draft history (PFR/nfldata),16.922609,14.039700,2.882909,46,2025,scored
2023,1.11,11,Matt Metz,Kendre Miller,RB,NFL draft history (PFR/nfldata),4.557143,8.029700,-3.472557,21,2025,scored
2023,1.12,12,Seth Miller,Roschon Johnson,RB,Plebs/Sleeper fallback,4.338889,7.719200,-3.380311,36,2025,scored
2023,2.01,13,Luke Miller,Bryce Young,QB,NFL draft history (PFR/nfldata),13.205217,14.002800,-0.797583,46,2025,scored
2023,2.02,14,Travis Page,Tank Bigsby,RB,NFL draft history (PFR/nfldata),4.002000,7.145200,-3.143200,50,2025,scored
2023,2.03,15,Luke Miller,Dalton Kincaid,TE,NFL draft history (PFR/nfldata),7.297561,5.733500,1.564061,41,2025,scored
2023,2.04,16,Payton Docheff,Rashee Rice,WR,NFL draft history (PFR/nfldata),12.482143,6.167300,6.314843,28,2025,scored
2023,2.05,17,David Carnes,Jonathan Mingo,WR,NFL draft history (PFR/nfldata),2.368421,6.013600,-3.645179,38,2025,scored
2023,2.06,18,Payton Docheff,Tyjae Spears,RB,NFL draft history (PFR/nfldata),7.514286,6.166400,1.347886,42,2025,scored
2023,2.07,19,Mason Good,Jalin Hyatt,WR,NFL draft history (PFR/nfldata),1.585366,5.756800,-4.171434,41,2025,scored
2023,2.08,20,Jordan Martin,Michael Mayer,TE,NFL draft history (PFR/nfldata),3.692105,5.226000,-1.533895,38,2025,scored
2023,2.09,21,Tim Bell,Josh Downs,WR,NFL draft history (PFR/nfldata),8.042553,5.540800,2.501753,47,2025,scored
2023,2.10,22,Matt Clawson,Marvin Mims Jr,WR,NFL draft history (PFR/nfldata),5.087500,5.436100,-0.348600,48,2025,scored
2023,2.11,23,Matt Metz,Chase Brown,RB,Plebs/Sleeper fallback,11.613333,5.190700,6.422633,45,2025,scored
2023,2.12,24,Payton Docheff,Jayden Reed,WR,NFL draft history (PFR/nfldata),9.842500,5.216500,4.626000,40,2025,scored
2023,3.01,25,Seth Miller,Sam LaPorta,TE,NFL draft history (PFR/nfldata),10.185714,4.702500,5.483214,42,2025,scored
2023,3.02,26,Luke Miller,Zach Evans,RB,Plebs/Sleeper fallback,0.190000,4.789400,-4.599400,10,2023,scored
2023,3.03,27,Alex Agueros,Cedric Tillman,WR,NFL draft history (PFR/nfldata),3.923684,4.862000,-0.938316,38,2025,scored
2023,3.04,28,Mason Good,Will Levis,QB,NFL draft history (PFR/nfldata),11.045714,12.398300,-1.352586,21,2024,scored
2023,3.05,29,Mason Good,Nathaniel Dell,WR,NFL draft history (PFR/nfldata),10.240000,4.633000,5.607000,25,2024,scored
2023,3.06,30,Travis Page,Israel Abanikanda,RB,Plebs/Sleeper fallback,2.133333,4.400000,-2.266667,6,2023,scored
2023,3.07,31,Alex Agueros,Darnell Washington,TE,NFL draft history (PFR/nfldata),2.060000,4.164900,-2.104900,50,2025,scored
2023,3.08,32,Payton Docheff,Hendon Hooker,QB,NFL draft history (PFR/nfldata),0.893333,11.689100,-10.795767,3,2024,scored
2023,3.09,33,Tim Bell,Kayshon Boutte,WR,Plebs/Sleeper fallback,6.202941,4.247600,1.955341,34,2025,scored
2023,3.10,34,Bo Tiller,Evan Hull,RB,Plebs/Sleeper fallback,0.887500,4.040800,-3.153300,8,2025,scored
2023,3.11,35,Matt Metz,Deuce Vaughn,RB,Plebs/Sleeper fallback,1.557143,3.947100,-2.389957,14,2024,scored
2023,3.12,36,Bo Tiller,A.T. Perry,WR,Plebs/Sleeper fallback,5.460000,4.025200,1.434800,10,2023,scored
2023,4.01,37,Matt Clawson,Eric Gray,RB,Plebs/Sleeper fallback,0.655882,3.753800,-3.097918,34,2025,scored
2023,4.02,38,Travis Page,Luke Musgrave,TE,NFL draft history (PFR/nfldata),2.954286,3.728000,-0.773714,35,2025,scored
2023,4.03,39,Luke Miller,Michael Wilson,WR,NFL draft history (PFR/nfldata),8.219565,3.846100,4.373465,46,2025,scored
2023,4.04,40,Mason Good,Chris Rodriguez Jr,RB,Plebs/Sleeper fallback,4.525714,3.453500,1.072214,35,2025,scored
2023,4.05,41,Alex Agueros,Xavier Hutchinson,WR,Plebs/Sleeper fallback,2.369388,3.743900,-1.374512,49,2025,scored
2023,4.06,42,Payton Docheff,Trey Palmer,WR,Plebs/Sleeper fallback,3.293750,3.696700,-0.402950,32,2024,scored
2023,4.07,43,Luke Miller,DeWayne McBride,RB,manual historical rookie-position audit,0.000000,3.423700,-3.423700,,2025,scored
2023,4.08,44,Matt Clawson,Kenny McIntosh,RB,Plebs/Sleeper fallback,1.045000,3.423700,-2.378700,20,2024,scored
2023,4.09,45,Luke Miller,Parker Washington,WR,Plebs/Sleeper fallback,6.378571,3.566300,2.812271,42,2025,scored
2023,4.10,46,Seth Miller,Tyler Scott,WR,Plebs/Sleeper fallback,1.014286,3.525700,-2.511414,28,2024,scored
2023,4.11,47,Travis Page,Charlie Jones,WR,Plebs/Sleeper fallback,0.854545,3.486100,-2.631555,33,2025,scored
2023,4.12,48,Luke Miller,Tre Tucker,WR,NFL draft history (PFR/nfldata),6.026000,3.484400,2.541600,50,2025,scored
2023,5.01,49,Matt Clawson,Sean Tucker,RB,Plebs/Sleeper fallback,3.462222,3.423700,0.038522,45,2025,scored
2023,5.02,50,Travis Page,Luke Schoonmaker,TE,NFL draft history (PFR/nfldata),1.692157,3.501100,-1.808943,51,2025,scored
2023,5.03,51,Luke Miller,Tucker Kraft,TE,NFL draft history (PFR/nfldata),7.202381,3.501100,3.701281,42,2025,scored
2023,5.04,52,Mason Good,Keaton Mitchell,RB,Plebs/Sleeper fallback,4.715385,3.423700,1.291685,26,2025,scored
2023,5.05,53,Matt Metz,Justin Shorter,WR,Plebs/Sleeper fallback,0.000000,3.484400,-3.484400,17,2025,scored
2023,5.06,54,Payton Docheff,Zach Kuntz,TE,manual historical rookie-position audit,0.000000,3.495800,-3.495800,,2025,scored
2023,5.07,55,Alex Agueros,Lew Nichols III,RB,Plebs/Sleeper fallback,0.000000,3.423700,-3.423700,1,2025,scored
2023,5.08,56,Matt Clawson,Mohamed Ibrahim,RB,Plebs/Sleeper fallback,0.000000,3.423700,-3.423700,1,2023,scored
2023,5.09,57,Tim Bell,Elijah Higgins,TE,Plebs/Sleeper fallback,2.480000,3.495800,-1.015800,45,2025,scored
2023,5.10,58,Bo Tiller,Dontayvion Wicks,WR,Plebs/Sleeper fallback,5.479565,3.471700,2.007865,46,2025,scored
2023,5.11,59,Matt Metz,Jalen Brooks,WR,Plebs/Sleeper fallback,1.618519,3.471700,-1.853181,27,2025,scored
2023,5.12,60,Bo Tiller,Stetson Bennett,QB,manual historical rookie-position audit,0.000000,10.546200,-10.546200,,2025,scored
2023,6.01,61,Matt Clawson,Brenton Strange,TE,NFL draft history (PFR/nfldata),4.141860,3.495800,0.646060,43,2025,scored
2023,6.02,62,Travis Page,Puka Nacua,WR,Plebs/Sleeper fallback,16.445455,3.471700,12.973755,44,2025,scored
2023,6.03,63,Luke Miller,Andrei Iosivas,WR,Plebs/Sleeper fallback,4.368000,3.471700,0.896300,50,2025,scored
2023,6.04,64,Mason Good,Clayton Tune,QB,Plebs/Sleeper fallback,0.092000,10.546200,-10.454200,15,2025,scored
2023,6.05,65,Matt Metz,Deneric Prince,RB,Plebs/Sleeper fallback,0.000000,3.423700,-3.423700,2,2023,scored
2023,6.06,66,Payton Docheff,Josh Whyle,TE,Plebs/Sleeper fallback,2.188889,3.495800,-1.306911,36,2025,scored
2023,6.07,67,Alex Agueros,Derius Davis,WR,Plebs/Sleeper fallback,1.448837,3.471700,-2.022863,43,2025,scored
2023,6.08,68,Matt Clawson,Aidan O'Connell,QB,Plebs/Sleeper fallback,11.527619,10.406800,1.120819,21,2025,scored
2023,6.09,69,Tim Bell,Rakim Jarrett,WR,Plebs/Sleeper fallback,1.245000,3.471700,-2.226700,20,2024,scored
2023,6.10,70,Seth Miller,Ronnie Bell,WR,Plebs/Sleeper fallback,1.439286,3.471700,-2.032414,28,2025,scored
2023,6.11,71,Jordan Martin,Xazavian Valladay,RB,Plebs/Sleeper fallback,0.000000,3.256300,-3.256300,1,2023,scored
2023,6.12,72,Seth Miller,Jake Haener,QB,Plebs/Sleeper fallback,1.655000,10.151800,-8.496800,8,2024,scored
2024,1.01,1,Seth Miller,Marvin Harrison Jr,WR,Plebs/Sleeper fallback,9.406897,8.451700,0.955197,29,2025,scored
2024,1.02,2,Seth Miller,Malik Nabers,WR,NFL draft history (PFR/nfldata),14.063158,8.398400,5.664758,19,2025,scored
2024,1.03,3,David Carnes,Rome Odunze,WR,NFL draft history (PFR/nfldata),8.344828,8.332600,0.012228,29,2025,scored
2024,1.04,4,Seth Miller,Xavier Worthy,WR,NFL draft history (PFR/nfldata),7.954839,8.252100,-0.297261,31,2025,scored
2024,1.05,5,Clint Hudson,Brock Bowers,TE,NFL draft history (PFR/nfldata),12.100000,6.452300,5.647700,29,2025,scored
2024,1.06,6,Luke Miller,Jonathon Brooks,RB,NFL draft history (PFR/nfldata),2.000000,9.635000,-7.635000,3,2024,scored
2024,1.07,7,Bo Tiller,Brian Thomas Jr,WR,Plebs/Sleeper fallback,11.461290,7.899400,3.561890,31,2025,scored
2024,1.08,8,Ryan Lipkin,Caleb Williams,QB,NFL draft history (PFR/nfldata),18.815294,14.047100,4.768194,34,2025,scored
2024,1.09,9,Matt Metz,Ladd McConkey,WR,NFL draft history (PFR/nfldata),10.868750,7.562000,3.306750,32,2025,scored
2024,1.10,10,David Carnes,Ricky Pearsall,WR,NFL draft history (PFR/nfldata),7.430000,7.366700,0.063300,20,2025,scored
2024,1.11,11,Alex Agueros,Trey Benson,RB,NFL draft history (PFR/nfldata),4.288235,8.029700,-3.741465,17,2025,scored
2024,1.12,12,David Carnes,Ja'Lynn Polk,WR,NFL draft history (PFR/nfldata),1.780000,6.946200,-5.166200,15,2024,scored
2024,2.01,13,Matt Clawson,Keon Coleman,WR,NFL draft history (PFR/nfldata),6.938462,6.734200,0.204262,26,2025,scored
2024,2.02,14,Luke Miller,Adonai Mitchell,WR,NFL draft history (PFR/nfldata),3.444242,6.530200,-3.085958,33,2025,scored
2024,2.03,15,Alex Agueros,Jayden Daniels,QB,NFL draft history (PFR/nfldata),21.337500,13.939200,7.398300,24,2025,scored
2024,2.04,16,Matt Clawson,Marshawn Lloyd,RB,NFL draft history (PFR/nfldata),2.300000,6.633100,-4.333100,1,2024,scored
2024,2.05,17,Clint Hudson,Malachi Corley,WR,NFL draft history (PFR/nfldata),1.354545,6.013600,-4.659055,22,2025,scored
2024,2.06,18,Alex Agueros,Blake Corum,RB,NFL draft history (PFR/nfldata),4.358824,6.166400,-1.807576,34,2025,scored
2024,2.07,19,Bo Tiller,Jaylen Wright,RB,NFL draft history (PFR/nfldata),2.836000,5.946900,-3.110900,25,2025,scored
2024,2.08,20,Travis Page,Drake Maye,QB,NFL draft history (PFR/nfldata),19.486667,13.567400,5.919267,30,2025,scored
2024,2.09,21,Matt Metz,Xavier Legette,WR,NFL draft history (PFR/nfldata),5.561290,5.540800,0.020490,31,2025,scored
2024,2.10,22,Seth Miller,Jermaine Burton,WR,NFL draft history (PFR/nfldata),0.907143,5.436100,-4.528957,14,2024,scored
2024,2.11,23,Alex Agueros,Ben Sinnott,TE,NFL draft history (PFR/nfldata),1.036364,4.908100,-3.871736,33,2025,scored
2024,2.12,24,Alex Agueros,Troy Franklin,WR,NFL draft history (PFR/nfldata),5.990909,5.216500,0.774409,33,2025,scored
2024,3.01,25,Matt Clawson,JJ McCarthy,QB,NFL draft history (PFR/nfldata),12.338000,12.894300,-0.556300,10,2025,scored
2024,3.02,26,Travis Page,Roman Wilson,WR,NFL draft history (PFR/nfldata),2.328571,4.981200,-2.652629,14,2025,scored
2024,3.03,27,Travis Page,Keenan Allen,WR,Plebs/Sleeper fallback,,,,,,veteran_excluded
2024,3.04,28,Ryan Lipkin,Ja'Tavion Sanders,TE,NFL draft history (PFR/nfldata),3.317241,4.416000,-1.098759,29,2025,scored
2024,3.05,29,Clint Hudson,Luke McCaffrey,WR,NFL draft history (PFR/nfldata),2.753846,4.633000,-1.879154,26,2025,scored
2024,3.06,30,David Carnes,Javon Baker,WR,NFL draft history (PFR/nfldata),0.154545,4.526600,-4.372055,11,2024,scored
2024,3.07,31,Bo Tiller,Ray Davis,RB,NFL draft history (PFR/nfldata),4.902941,4.311300,0.591641,34,2025,scored
2024,3.08,32,Seth Miller,Jalen McMillan,WR,NFL draft history (PFR/nfldata),8.282353,4.333900,3.948453,17,2025,scored
2024,3.09,33,Matt Metz,Audric Estime,RB,NFL draft history (PFR/nfldata),4.415000,4.132500,0.282500,20,2025,scored
2024,3.10,34,Payton Docheff,Devontez Walker,WR,NFL draft history (PFR/nfldata),2.057143,4.167800,-2.110657,21,2025,scored
2024,3.11,35,Alex Agueros,Bucky Irving,RB,NFL draft history (PFR/nfldata),12.755556,3.947100,8.808456,27,2025,scored
2024,3.12,36,Seth Miller,Bo Nix,QB,NFL draft history (PFR/nfldata),20.104118,10.952900,9.151218,34,2025,scored
2024,4.01,37,Matt Clawson,Tyrone Tracy,RB,NFL draft history (PFR/nfldata),9.565625,3.753800,5.811825,32,2025,scored
2024,4.02,38,Luke Miller,Kimani Vidal,RB,NFL draft history (PFR/nfldata),6.091304,3.654700,2.436604,23,2025,scored
2024,4.03,39,Payton Docheff,Michael Penix,QB,NFL draft history (PFR/nfldata),12.598571,10.546200,2.052371,14,2025,scored
2024,4.04,40,Ryan Lipkin,Will Shipley,RB,NFL draft history (PFR/nfldata),0.861290,3.453500,-2.592210,31,2025,scored
2024,4.05,41,David Carnes,Braelon Allen,RB,NFL draft history (PFR/nfldata),4.285714,3.423700,0.862014,21,2025,scored
2024,4.06,42,Ryan Lipkin,Malik Washington,WR,NFL draft history (PFR/nfldata),4.370968,3.696700,0.674268,31,2025,scored
2024,4.07,43,Bo Tiller,Isaac Guerendo,RB,NFL draft history (PFR/nfldata),2.890000,3.423700,-0.533700,30,2025,scored
2024,4.08,44,Luke Miller,Dylan Laube,RB,NFL draft history (PFR/nfldata),0.007407,3.423700,-3.416293,27,2025,scored
2024,4.09,45,Matt Metz,Jacob Cowing,WR,NFL draft history (PFR/nfldata),0.580000,3.566300,-2.986300,15,2024,scored
2024,4.10,46,Matt Clawson,Erick All,TE,NFL draft history (PFR/nfldata),2.866667,3.501100,-0.634433,9,2024,scored
2024,4.11,47,Bo Tiller,Theo Johnson,TE,NFL draft history (PFR/nfldata),5.885185,3.501100,2.384085,27,2025,scored
2024,4.12,48,Jordan Martin,Rasheen Ali,RB,NFL draft history (PFR/nfldata),1.085714,3.423700,-2.337986,21,2025,scored
2024,5.01,49,Matt Clawson,Jared Wiley,TE,NFL draft history (PFR/nfldata),0.175000,3.501100,-3.326100,12,2025,scored
2024,5.02,50,Luke Miller,Cade Stover,TE,NFL draft history (PFR/nfldata),1.695833,3.501100,-1.805267,24,2025,scored
2024,5.03,51,Payton Docheff,Bub Means,WR,NFL draft history (PFR/nfldata),3.185714,3.484400,-0.298686,7,2024,scored
2024,5.04,52,Ryan Lipkin,Jase McClellan,RB,NFL draft history (PFR/nfldata),1.600000,3.423700,-1.823700,2,2024,scored
2024,5.05,53,David Carnes,Brenden Rice,WR,NFL draft history (PFR/nfldata),0.000000,3.484400,-3.484400,3,2024,scored
2024,5.06,54,Alex Agueros,Johnny Wilson,WR,NFL draft history (PFR/nfldata),0.768750,3.484400,-2.715650,16,2024,scored
2024,5.07,55,Matt Clawson,Clyde Edwards-Helaire,RB,Plebs/Sleeper fallback,,,,,,veteran_excluded
2024,5.08,56,Payton Docheff,Spencer Rattler,QB,NFL draft history (PFR/nfldata),10.620000,10.546200,0.073800,16,2025,scored
2024,5.09,57,Matt Metz,Isaiah Davis,RB,NFL draft history (PFR/nfldata),3.093939,3.423700,-0.329761,33,2025,scored
2024,5.10,58,Travis Page,Kenneth Gainwell,RB,Plebs/Sleeper fallback,,,,,,veteran_excluded
2024,5.11,59,Seth Miller,Blake Watson,RB,Plebs/Sleeper fallback,1.400000,3.423700,-2.023700,2,2024,scored
2024,5.12,60,Jordan Martin,Jamari Thrash,WR,NFL draft history (PFR/nfldata),1.077778,3.471700,-2.393922,18,2025,scored
2024,6.01,61,Matt Clawson,Cody Schrader,RB,Plebs/Sleeper fallback,0.700000,3.423700,-2.723700,2,2025,scored
2024,6.02,62,Luke Miller,Van Jefferson,WR,Plebs/Sleeper fallback,,,,,,veteran_excluded
2024,6.03,63,Seth Miller,Colby Parkinson,TE,Plebs/Sleeper fallback,,,,,,veteran_excluded
2024,6.04,64,Ryan Lipkin,Jordan Travis,QB,NFL draft history (PFR/nfldata),0.000000,10.546200,-10.546200,,2025,scored
2024,6.05,65,Seth Miller,Jawhar Jordan,RB,NFL draft history (PFR/nfldata),6.550000,3.423700,3.126300,4,2025,scored
2024,6.06,66,Seth Miller,Sione Vaki,RB,Plebs/Sleeper fallback,0.259259,3.408400,-3.149141,27,2025,scored
2024,6.07,67,Seth Miller,Sam Darnold,QB,Plebs/Sleeper fallback,,,,,,veteran_excluded
2024,6.08,68,Travis Page,Jordan Whittington,WR,NFL draft history (PFR/nfldata),2.150000,3.471700,-1.321700,32,2025,scored
2024,6.09,69,Matt Metz,Ainias Smith,WR,NFL draft history (PFR/nfldata),2.028571,3.471700,-1.443129,7,2024,scored
2024,6.10,70,Seth Miller,Casey Washington,WR,NFL draft history (PFR/nfldata),0.953333,3.471700,-2.518367,15,2025,scored
2024,6.11,71,Seth Miller,Frank Gore Jr,RB,Plebs/Sleeper fallback,0.000000,3.256300,-3.256300,0,2025,scored
2024,6.12,72,Jordan Martin,Cornelius Johnson,WR,NFL draft history (PFR/nfldata),0.000000,3.445500,-3.445500,,2025,scored
2025,1.01,1,Seth Miller,Ashton Jeanty,RB,Plebs/Sleeper fallback,12.800000,10.908800,1.891200,17,2025,scored
2025,1.02,2,David Carnes,Omarion Hampton,RB,Plebs/Sleeper fallback,13.300000,10.691300,2.608700,9,2025,scored
2025,1.03,3,Alex Agueros,Tetairoa McMillan,WR,Plebs/Sleeper fallback,10.376471,8.332600,2.043871,17,2025,scored
2025,1.04,4,Luke Miller,Travis Hunter,WR,Plebs/Sleeper fallback,7.114286,8.252100,-1.137814,7,2025,scored
2025,1.05,5,Matt Clawson,Quinshon Judkins,RB,Plebs/Sleeper fallback,11.200000,9.927000,1.273000,14,2025,scored
2025,1.06,6,Clint Hudson,Cam Ward,QB,Plebs/Sleeper fallback,11.921176,14.057500,-2.136324,17,2025,scored
2025,1.07,7,Bo Tiller,TreVeyon Henderson,RB,Plebs/Sleeper fallback,11.100000,9.327000,1.773000,17,2025,scored
2025,1.08,8,David Carnes,Kaleb Johnson,RB,Plebs/Sleeper fallback,0.830000,9.006700,-8.176700,10,2025,scored
2025,1.09,9,Matt Metz,RJ Harvey,RB,Plebs/Sleeper fallback,10.770588,8.679500,2.091088,17,2025,scored
2025,1.10,10,Ryan Lipkin,Emeka Egbuka,WR,Plebs/Sleeper fallback,9.658824,7.366700,2.292124,17,2025,scored
2025,1.11,11,Matt Metz,Cam Skattebo,RB,Plebs/Sleeper fallback,14.462500,8.029700,6.432800,8,2025,scored
2025,1.12,12,David Carnes,Matthew Golden,WR,Plebs/Sleeper fallback,3.964286,6.946200,-2.981914,14,2025,scored
2025,2.01,13,David Carnes,Jayden Higgins,WR,Plebs/Sleeper fallback,6.411765,6.734200,-0.322435,17,2025,scored
2025,2.02,14,Alex Agueros,Luther Burden,WR,Plebs/Sleeper fallback,6.960000,6.530200,0.429800,15,2025,scored
2025,2.03,15,Alex Agueros,Colston Loveland,TE,Plebs/Sleeper fallback,8.506250,5.733500,2.772750,16,2025,scored
2025,2.04,16,David Carnes,Jack Bech,WR,Plebs/Sleeper fallback,2.025000,6.167300,-4.142300,16,2025,scored
2025,2.05,17,David Carnes,Tyler Warren,TE,Plebs/Sleeper fallback,8.852941,5.538100,3.314841,17,2025,scored
2025,2.06,18,Clint Hudson,Tyler Shough,QB,Plebs/Sleeper fallback,15.087273,13.755700,1.331573,11,2025,scored
2025,2.07,19,Bo Tiller,Tre Harris,WR,Plebs/Sleeper fallback,3.200000,5.756800,-2.556800,17,2025,scored
2025,2.08,20,Matt Clawson,Kyle Williams,WR,Plebs/Sleeper fallback,2.600000,5.646200,-3.046200,17,2025,scored
2025,2.09,21,Clint Hudson,Jalen Royals,WR,Plebs/Sleeper fallback,0.200000,5.540800,-5.340800,7,2025,scored
2025,2.10,22,Ryan Lipkin,Bhayshul Tuten,RB,Plebs/Sleeper fallback,5.573333,5.357100,0.216233,15,2025,scored
2025,2.11,23,Ryan Lipkin,Jaydon Blue,RB,Plebs/Sleeper fallback,3.980000,5.190700,-1.210700,5,2025,scored
2025,2.12,24,Alex Agueros,Woody Marks,RB,Plebs/Sleeper fallback,8.693750,5.041300,3.652450,16,2025,scored
2025,3.01,25,Luke Miller,Dylan Sampson,RB,Plebs/Sleeper fallback,4.740000,4.908200,-0.168200,15,2025,scored
2025,3.02,26,Luke Miller,Mason Taylor,TE,Plebs/Sleeper fallback,5.146154,4.603600,0.542554,13,2025,scored
2025,3.03,27,Alex Agueros,Jaylin Noel,WR,Plebs/Sleeper fallback,3.258824,4.862000,-1.603176,17,2025,scored
2025,3.04,28,Ryan Lipkin,Pat Bryant,WR,Plebs/Sleeper fallback,3.953333,4.745300,-0.791967,15,2025,scored
2025,3.05,29,Travis Page,Terrance Ferguson,TE,Plebs/Sleeper fallback,3.328571,4.328000,-0.999429,14,2025,scored
2025,3.06,30,Travis Page,Jarquez Hunter,RB,Plebs/Sleeper fallback,0.000000,4.400000,-4.400000,5,2025,scored
2025,3.07,31,Bo Tiller,Jaxson Dart,QB,Plebs/Sleeper fallback,18.684286,11.869500,6.814786,14,2025,scored
2025,3.08,32,Luke Miller,Devin Neal,RB,Plebs/Sleeper fallback,5.150000,4.222400,0.927600,10,2025,scored
2025,3.09,33,Matt Metz,Elic Ayomanor,WR,Plebs/Sleeper fallback,6.000000,4.247600,1.752400,16,2025,scored
2025,3.10,34,Luke Miller,Isaac TeSlaa,WR,Plebs/Sleeper fallback,3.994118,4.167800,-0.173682,17,2025,scored
2025,3.11,35,David Carnes,DJ Giddens,RB,Plebs/Sleeper fallback,1.066667,3.947100,-2.880433,9,2025,scored
2025,3.12,36,Ryan Lipkin,Harold Fannin,TE,Plebs/Sleeper fallback,9.400000,3.832800,5.567200,16,2025,scored
2025,3.13,37,Ryan Lipkin,Dont'e Thornton,WR,Plebs/Sleeper fallback,1.233333,3.961400,-2.728067,15,2025,scored
2025,4.01,38,Seth Miller,Tahj Brooks,RB,Plebs/Sleeper fallback,0.368750,3.654700,-3.285950,16,2025,scored
2025,4.02,39,Seth Miller,Ollie Gordon,RB,Plebs/Sleeper fallback,2.976471,3.554400,-0.577929,17,2025,scored
2025,4.03,40,Seth Miller,Trevor Etienne,RB,Plebs/Sleeper fallback,0.600000,3.453500,-2.853500,17,2025,scored
2025,4.04,41,Ryan Lipkin,Jalen Milroe,QB,Plebs/Sleeper fallback,-0.533333,10.546200,-11.079533,3,2025,scored
2025,4.05,42,Luke Miller,Tory Horton,WR,Plebs/Sleeper fallback,7.325000,3.696700,3.628300,8,2025,scored
2025,4.06,43,Clint Hudson,Jordan James,RB,Plebs/Sleeper fallback,0.000000,3.423700,-3.423700,3,2025,scored
2025,4.07,44,Bo Tiller,Elijah Arroyo,TE,Plebs/Sleeper fallback,2.261538,3.501100,-1.239562,13,2025,scored
2025,4.08,45,Payton Docheff,Savion Williams,WR,Plebs/Sleeper fallback,1.708333,3.566300,-1.857967,12,2025,scored
2025,4.09,46,Matt Metz,Damien Martinez,RB,manual historical rookie-position audit,0.000000,3.423700,-3.423700,,2025,scored
2025,4.10,47,Seth Miller,Brashard Smith,RB,Plebs/Sleeper fallback,2.988235,3.423700,-0.435465,17,2025,scored
2025,4.11,48,Matt Metz,Shedeur Sanders,QB,Plebs/Sleeper fallback,9.862500,10.546200,-0.683700,8,2025,scored
2025,4.12,49,Matt Metz,Tai Felton,WR,Plebs/Sleeper fallback,0.235294,3.484400,-3.249106,17,2025,scored
2025,5.01,50,Seth Miller,Jacory Croskey-Merritt,RB,Plebs/Sleeper fallback,7.988235,3.423700,4.564535,17,2025,scored
2025,5.02,51,Alex Agueros,Chimere Dike,WR,Plebs/Sleeper fallback,6.005882,3.484400,2.521482,17,2025,scored
2025,5.03,52,Alex Agueros,Kyle Monangai,RB,Plebs/Sleeper fallback,8.100000,3.423700,4.676300,17,2025,scored
2025,5.04,53,Luke Miller,Will Howard,QB,manual historical rookie-position audit,0.000000,10.546200,-10.546200,,2025,scored
2025,5.05,54,Travis Page,Jaylin Lane,WR,Plebs/Sleeper fallback,2.746667,3.484400,-0.737733,15,2025,scored
2025,5.06,55,Clint Hudson,Arian Smith,WR,Plebs/Sleeper fallback,0.625000,3.484400,-2.859400,16,2025,scored
2025,5.07,56,Bo Tiller,Dillon Gabriel,QB,Plebs/Sleeper fallback,8.008000,10.546200,-2.538200,10,2025,scored
2025,5.08,57,Payton Docheff,Isaiah Bond,WR,Plebs/Sleeper fallback,2.856250,3.471700,-0.615450,16,2025,scored
2025,5.09,58,Matt Metz,Oronde Gadsden,TE,Plebs/Sleeper fallback,7.126667,3.495800,3.630867,15,2025,scored
2025,5.10,59,Ryan Lipkin,KeAndre Lambert-Smith,WR,Plebs/Sleeper fallback,1.360000,3.471700,-2.111700,10,2025,scored
2025,5.11,60,Payton Docheff,Khalil Herbert,RB,Plebs/Sleeper fallback,,,,,,veteran_excluded
2025,5.12,61,Ryan Lipkin,Raheim Sanders,RB,Plebs/Sleeper fallback,4.700000,3.423700,1.276300,4,2025,scored
2026,1.01,1,David Carnes,Jeremiyah Love,,Plebs/Sleeper fallback,,,,,,unscored
2026,1.02,2,Matt Clawson,Carnell Tate,,Plebs/Sleeper fallback,,,,,,unscored
2026,1.03,3,Alex Agueros,Makai Lemon,,Plebs/Sleeper fallback,,,,,,unscored
2026,1.04,4,Seth Miller,Jordyn Tyson,,Plebs/Sleeper fallback,,,,,,unscored
2026,1.05,5,Luke Miller,Jadarian Price,,Plebs/Sleeper fallback,,,,,,unscored
2026,1.06,6,Bo Tiller,Omar Cooper,,Plebs/Sleeper fallback,,,,,,unscored
2026,1.07,7,Luke Miller,KC Concepcion,,Plebs/Sleeper fallback,,,,,,unscored
2026,1.08,8,Clint Hudson,Fernando Mendoza,,Plebs/Sleeper fallback,,,,,,unscored
2026,1.09,9,Jordan Martin,Kenyon Sadiq,,Plebs/Sleeper fallback,,,,,,unscored
2026,1.10,10,Travis Page,Eli Stowers,,Plebs/Sleeper fallback,,,,,,unscored
2026,1.11,11,David Carnes,Denzel Boston,,Plebs/Sleeper fallback,,,,,,unscored
2026,1.12,12,Matt Clawson,Antonio Williams,,Plebs/Sleeper fallback,,,,,,unscored
2026,2.01,13,Travis Page,Jonah Coleman,,Plebs/Sleeper fallback,,,,,,unscored
2026,2.02,14,David Carnes,Germie Bernard,,Plebs/Sleeper fallback,,,,,,unscored
2026,2.03,15,Alex Agueros,Mike Washington Jr,,Plebs/Sleeper fallback,,,,,,unscored
2026,2.04,16,Ryan Lipkin,Chris Bell,,Plebs/Sleeper fallback,,,,,,unscored
2026,2.05,17,Luke Miller,Emmett Johnson,,Plebs/Sleeper fallback,,,,,,unscored
2026,2.06,18,Bo Tiller,De'Zhaun Stribling,,Plebs/Sleeper fallback,,,,,,unscored
2026,2.07,19,David Carnes,Ted Hurst,,Plebs/Sleeper fallback,,,,,,unscored
2026,2.08,20,Clint Hudson,Kaelon Black,,Plebs/Sleeper fallback,,,,,,unscored
2026,2.09,21,Ryan Lipkin,Malachi Fields,,Plebs/Sleeper fallback,,,,,,unscored
2026,2.10,22,Luke Miller,Nicholas Singleton,,Plebs/Sleeper fallback,,,,,,unscored
2026,2.11,23,Travis Page,Zachariah Branch,,Plebs/Sleeper fallback,,,,,,unscored
2026,2.12,24,Travis Page,Skyler Bell,,Plebs/Sleeper fallback,,,,,,unscored
2026,3.01,25,Seth Miller,Chris Brazzell,,Plebs/Sleeper fallback,,,,,,unscored
2026,3.02,26,Payton Docheff,Elijah Sarratt,,Plebs/Sleeper fallback,,,,,,unscored
2026,3.03,27,Alex Agueros,Kaytron Allen,,Plebs/Sleeper fallback,,,,,,unscored
2026,3.04,28,Matt Clawson,Ty Simpson,,Plebs/Sleeper fallback,,,,,,unscored
2026,3.05,29,Ryan Lipkin,Demond Claiborne,,Plebs/Sleeper fallback,,,,,,unscored
2026,3.06,30,Bo Tiller,Oscar Delp,,Plebs/Sleeper fallback,,,,,,unscored
2026,3.07,31,Matt Metz,Ja'Kobi Lane,,Plebs/Sleeper fallback,,,,,,unscored
2026,3.08,32,Clint Hudson,Caleb Douglas,,Plebs/Sleeper fallback,,,,,,unscored
2026,3.09,33,Ryan Lipkin,Adam Randall,,Plebs/Sleeper fallback,,,,,,unscored
2026,3.10,34,Payton Docheff,Bryce Lance,,Plebs/Sleeper fallback,,,,,,unscored
2026,3.11,35,Travis Page,Max Klare,,Plebs/Sleeper fallback,,,,,,unscored
2026,3.12,36,Travis Page,Zavion Thomas,,Plebs/Sleeper fallback,,,,,,unscored
2026,4.01,37,Clint Hudson,Brenen Thompson,,Plebs/Sleeper fallback,,,,,,unscored
2026,4.02,38,Payton Docheff,Taylen Green,,Plebs/Sleeper fallback,,,,,,unscored
2026,4.03,39,Alex Agueros,CJ Daniels,,Plebs/Sleeper fallback,,,,,,unscored
2026,4.04,40,Matt Clawson,Seth McGowan,,Plebs/Sleeper fallback,,,,,,unscored
2026,4.05,41,Seth Miller,Cyrus Allen,,Plebs/Sleeper fallback,,,,,,unscored
2026,4.06,42,Bo Tiller,Deion Burks,,Plebs/Sleeper fallback,,,,,,unscored
2026,4.07,43,Matt Metz,Eli Heidenreich,,Plebs/Sleeper fallback,,,,,,unscored
2026,4.08,44,Clint Hudson,Jam Miller,,Plebs/Sleeper fallback,,,,,,unscored
2026,4.09,45,Travis Page,Jauan Jennings,WR,Plebs/Sleeper fallback,,,,,,veteran_excluded
2026,4.10,46,Seth Miller,Eli Raridon,,Plebs/Sleeper fallback,,,,,,unscored
2026,4.11,47,Matt Metz,Reggie Virgil,,Plebs/Sleeper fallback,,,,,,unscored
2026,4.12,48,Ryan Lipkin,Justin Joly,,Plebs/Sleeper fallback,,,,,,unscored
2026,5.01,49,Clint Hudson,John Michael Gyllenborg,,Plebs/Sleeper fallback,,,,,,unscored
2026,5.02,50,Ryan Lipkin,Drew Allar,,Plebs/Sleeper fallback,,,,,,unscored
2026,5.03,51,Alex Agueros,Carson Beck,,Plebs/Sleeper fallback,,,,,,unscored
2026,5.04,52,Matt Clawson,Kevin Coleman,,Plebs/Sleeper fallback,,,,,,unscored
2026,5.05,53,Luke Miller,Barion Brown,,Plebs/Sleeper fallback,,,,,,unscored
2026,5.06,54,Bo Tiller,Josh Cameron,,Plebs/Sleeper fallback,,,,,,unscored
2026,5.07,55,Matt Metz,J'Mari Taylor,,Plebs/Sleeper fallback,,,,,,unscored
2026,5.08,56,Seth Miller,Tanner Koziol,,Plebs/Sleeper fallback,,,,,,unscored
2026,5.09,57,Jordan Martin,Jalen Nailor,WR,Plebs/Sleeper fallback,,,,,,veteran_excluded
2026,5.10,58,Seth Miller,Jeff Caldwell,,Plebs/Sleeper fallback,,,,,,unscored
2026,5.11,59,Matt Clawson,Matt Hibner,,Plebs/Sleeper fallback,,,,,,unscored
2026,5.12,60,Ryan Lipkin,Jaydn Ott,,Plebs/Sleeper fallback,,,,,,unscored
